Category,url
banking-finance,https://rsrglobal.org/jobs/account-manager-london-uk/
banking-finance,https://rsrglobal.org/jobs/chartered-accountant/
food-factory,https://rsrglobal.org/jobs/fish-filleter/
healthcare,https://rsrglobal.org/jobs/acupuncturist-bermuda/
healthcare,https://rsrglobal.org/jobs/senior-lab-technologist-bermuda/
healthcare,https://rsrglobal.org/jobs/psychiatrist-consultant-x-3-p-england/
healthcare,https://rsrglobal.org/jobs/maintenance-manager-x-2-p-bermuda/
healthcare,https://rsrglobal.org/jobs/general-pracitioner-x-12-p-australia/
healthcare,https://rsrglobal.org/jobs/maintenance-manager-x-2-p/
healthcare,https://rsrglobal.org/jobs/junior-doctor-90-p/
healthcare,https://rsrglobal.org/jobs/acupuncturist/
healthcare,https://rsrglobal.org/jobs/senior-lab-technologist/
healthcare,https://rsrglobal.org/jobs/financial-manager/
healthcare,https://rsrglobal.org/jobs/mental-health-adult-nurse-x-120-p/
healthcare,https://rsrglobal.org/jobs/domiciliary-care-worker-bournemouth-10-p/
healthcare,https://rsrglobal.org/jobs/dental-clinicians-x-60-p/
healthcare,https://rsrglobal.org/jobs/mental-health-adult-nurse/
healthcare,https://rsrglobal.org/jobs/domiciliary-care-worker-bournemouth/
healthcare,https://rsrglobal.org/jobs/dental-clinicians/
healthcare,https://rsrglobal.org/jobs/nurses-care-home-pr-ilr-psw-dependant/
healthcare,https://rsrglobal.org/jobs/nurses-care-home-pr-ilr-psw-candidate/
healthcare,https://rsrglobal.org/jobs/nurses-care-home-uk-based/
healthcare,https://rsrglobal.org/jobs/junior-doctor-drug-rehab/
healthcare,https://rsrglobal.org/jobs/care-home-manager/
healthcare,https://rsrglobal.org/jobs/medical-director/
healthcare,https://rsrglobal.org/jobs/registered-nurse-06p/
healthcare,https://rsrglobal.org/jobs/junior-doctor-drugs-and-alcohol-rehab/
healthcare,https://rsrglobal.org/jobs/healthcare-assistant-02p/
healthcare,https://rsrglobal.org/jobs/domiciliary-care-worker/
healthcare,https://rsrglobal.org/jobs/registered-nurse/
healthcare,https://rsrglobal.org/jobs/junior-doctor/
healthcare,https://rsrglobal.org/jobs/global-fellow-psychiatrist-06p/
healthcare,https://rsrglobal.org/jobs/domiciliary-hca-02p/
student,https://rsrglobal.org/jobs/mauritius-hospitality-internship-6-months/
student,https://rsrglobal.org/jobs/psw/
hospitality,https://rsrglobal.org/jobs/kitchen-stewards-14-p-mauritius/
hospitality,https://rsrglobal.org/jobs/kitchen-stewards-14-p/
hospitality,https://rsrglobal.org/jobs/kitchen-stewarding-supervisor/
hospitality,https://rsrglobal.org/jobs/curry-chef-tandoor-chef-leicester/
hospitality,https://rsrglobal.org/jobs/senior-sous-chef-st-albans/
hospitality,https://rsrglobal.org/jobs/cdp-italian-kp-lm-england-lm/
hospitality,https://rsrglobal.org/jobs/senior-sous-chef/
hospitality,https://rsrglobal.org/jobs/cdp-italian-cuisine-florida-usa/
hospitality,https://rsrglobal.org/jobs/sous-chef-x-1-sq/
hospitality,https://rsrglobal.org/jobs/mauritius-hospitality-internship/
hospitality,https://rsrglobal.org/jobs/cdp-italian-uk-based-overseas/
hospitality,https://rsrglobal.org/jobs/cdp-uk-based-candidate/
hospitality,https://rsrglobal.org/jobs/sous-chef-airlines/
hospitality,https://rsrglobal.org/jobs/joiners-x-4/
hospitality,https://rsrglobal.org/jobs/deputy-maintenance-mgr-x-4/
hospitality,https://rsrglobal.org/jobs/joiners-x-4-carpenter/
hospitality,https://rsrglobal.org/jobs/joiners-x-4-carpenter-2/
hospitality,https://rsrglobal.org/jobs/assistant-manager/
hospitality,https://rsrglobal.org/jobs/pastry-cdp-x-2/
hospitality,https://rsrglobal.org/jobs/class-2-drivers/
hospitality,https://rsrglobal.org/jobs/hospitality-internship-17-weeks-6-months/
hospitality,https://rsrglobal.org/jobs/carpenters-joiners-uk-or-overseas/
hospitality,https://rsrglobal.org/jobs/cdp-st-albans/
hospitality,https://rsrglobal.org/jobs/carpenters-joiners/
hospitality,https://rsrglobal.org/jobs/spa-therapist/
hospitality,https://rsrglobal.org/jobs/maintenance-manager/
